﻿channel_title,channel_id,total_count,unique_count,bias
Fox News,UCXIJgqnII2ZOINSWNOGFThA,42836,673,R
MIT OpenCourseWare,UCEBb1b_L6zDS3xTUrIALZOw,19836,277,C
Forbes Breaking News,UCg40OxZ1GYh3u3jBntB6DLg,14445,762,RC
TEDx Talks,UCsT0YIqwnpJCM-mx7-gSA4Q,11599,1288,C
Vanity Fair,UCIsbLox_y9dCIMLd8tdC6qg,9100,69,L
PBS NewsHour,UC6ZFN9Tx6xh-skXCuRHCDpQ,5077,403,LC
MSNBC,UCaXkIU1QidjPwiAYu6GcHjg,4854,365,L
LastWeekTonight,UC3XTzVzaHQEd30rQbuvCtTQ,4415,189,LC
Fox Business,UCCXoCcu9Rp7NPbTzIvogpZg,3574,215,RC
GQ,UCsEukrAd64fqA7FjwkmZ_Dw,3572,63,LC
NBC News,UCeY0bbntWzzVIaj2z3QigXg,3383,378,LC
VICE News,UCZaT_X_mc0BI-djXOlfhqWQ,2548,684,LC
11Alive,UCzF4Ryn8TKn64md77gS5Q5Q,2494,117,C
CNBC Television,UCrp_UI8XtuYfpiqluWLD7Lw,2423,199,LC
Sky News,UCoMdktPbSTixAyNGwb-UYkQ,2302,265,C
WIRED,UCftwRNsjfRo08xYE31tkiyw,2167,145,LC
ABC 7 Chicago,UC_vFLohxs5PkAxlk7Y6jEtw,2115,20,LC
TED-Ed,UCsooa4yRKGN_zEE8iknghZA,2096,136,C
NBC Chicago,UCL9C44BZd_8hRa9OPMjIpMg,2086,4,LC
Late Night with Seth Meyers,UCVTyTA7-g9nopHeHbeuvpRA,1970,264,L
FOX6 News Milwaukee,UCzHN-FjWDMsgfGPvRq7oy-Q,1757,33,RC
CBS News,UC8p1vwvWtl6T73JiExfWs1g,1685,229,LC
Guardian Live,UCVD6kK-I5NodC1s-JMeuYPw,1651,28,LC
The Late Show with Stephen Colbert,UCMtFAi84ehTSYSE9XoHefig,1531,287,LC
British GQ,UCUM0EMVw0nyynzUvwzO4vxQ,1526,41,LC
Ars Technica,UCCDU1fsmgvWljcW2aodfJsA,1525,26,C
DeepMind,UCP7jMXSY2xbc3KCAE0MHQ-A,1519,33,LC
Hoover Institution,UCzWwWbbKHg4aodl0S35R6XA,1514,93,RC
TED,UCAuUUnT6oDeKwE6v1NGQxug,1510,158,C
DW Documentary,UCW39zufHfsuGgpLviKh297Q,1272,119,LC
The Daily Show with Trevor Noah,UCwWhs_6x42TyRM4Wstoq8HA,1214,135,LC
The Hill,UCPWXiRWZ29zrxPFIQT7eHSA,1183,238,C
VICE,UCn8zNIfYAQNdrFRrr8oibKw,1119,305,LC
Insider,UCHJuQZuzapBh-CuhRYxIZrg,1117,47,LC
Talks at Google,UCbmNph6atAoGfqLoCL_duAg,1096,150,LC
VICE Asia,UC8ZyfGD_qP-v75DGCzYQw6g,1035,178,LC
Wall Street Journal,UCK7tptUDHh-RYDsdxO1-5QQ,974,23,RC
Washington Post,UCHd62-u_v4DvJ8TCFtpi4GA,888,99,LC
The New York Times,UCqnbDFdCpuN8CMEg0VuEBqA,862,98,LC
60 Minutes Australia,UC0L1suV8pVgO4pCAIBNGx5w,754,179,LC
CNBC,UCvJJ_dzjViJCoLf5uKUTwoA,701,142,LC
The Tonight Show Starring Jimmy Fallon,UC8-Th83bH_thdKZDJCrn88g,678,177,L
ABC News,UCBi2mrWuNuyYy4gbM6fU18Q,673,190,LC
FRONTLINE PBS | Official,UC3ScyryU9Oy9Wse3a8OAmYQ,634,56,LC
Global News,UChLtXXpo4Ge1ReTEboVvTDg,600,52,LC
Sky News Australia,UCO0akufu9MOzyz3nvGIXAAw,585,109,C
60 Minutes,UCsN32BtMd0IoByjJRNF12cw,571,56,LC
CNET Highlights,UCmKtn_HvpfbTu3QV4lhJIMw,558,26,C
Law&Crime Network,UCz8K1occVvDTYDfFo7N5EZw,522,84,LC
Jimmy Kimmel Live,UCa6vGFO9ty8v5KZJXQxdhaw,492,148,LC
FOX Soul,UCd4b1gxOxjl3cD6DEBeo6dw,491,64,RC
Reuters,UChqUTb7kYRX8-EiaN3XFrSQ,490,105,C
CNN,UCupvZG-5ko_eiXAupbDfxWw,470,150,L
Center for Strategic & International Studies,UCr5jq6MC_VCe1c5ciIZtk_w,464,34,C
The Hollywood Reporter,UCZ8Sxmkweh65HetaZfR8YuA,438,71,LC
GQ Sports,UCKbNOpmhmwBuJXXMYOg_txA,400,19,LC
WION,UC_gUM8rL-Lrg6O3adPW9K1g,381,146,C
HISTORY,UC9MAhZQQd9egwWCxrwSIsJQ,379,90,LC
CBS Sports Golazo,UCET00YnetHT7tOpu12v8jxg,373,16,LC
The Late Late Show with James Corden,UCJ0uqCI0Vqr2Rrt1HseGirg,349,89,LC
Yahoo Finance,UCEAZeUIeJs0IjQiqTCdVSIg,338,126,LC
Saturday Night Live,UCqFzWxSCi39LnW1JKFR3efg,312,103,L
VICE Life,UCfQDD-pbllOCXHYwiXxjJxA,305,58,LC
TODAY,UChDKyKQ59fYz3JO2fl0Z6sg,226,96,LC
CBC News,UCuFFtHWoLl5fauMMD5Ww2jA,223,79,LC
Wyoming PBS,UC0FFExY13qFRznbFyrPTDjg,198,6,LC
WIRED UK,UCWrXlzhIENTJrAuKVuPgdEA,196,15,LC
CBS Sunday Morning,UCVT1tPkR-fUVlO652EcO3ow,173,52,LC
ABC News In-depth,UCxcrzzhQDj5zKJbXfIscCtg,168,41,LC
People,UCGbQJy-531_5vfphay-rChQ,153,57,L
NBC4 Columbus,UCDFLiE2iGUvlZMmhemzy6eA,152,57,LC
Hillsdale College,UCudqVyQYnmi8NwWfd11Rmvw,134,30,R
Russell Howard,UCnLxFpGiCi-u3RLx9uF8bOg,126,34,C
KPRC 2 Click2Houston,UCKQECjul8nw1KW_JzfBTP1A,108,16,L
ABC News (Australia),UCVgO39Bk5sMo66-6o6Spn6Q,85,40,LC
USA TODAY,UCP6HGa63sBC7-KHtkme-p-g,74,25,LC
DW News,UCknLrEdhRCp1aegoMqRaCZg,70,40,LC
ABC10,UCT350j4u6alUKyF9eu2bGug,69,13,LC
Trevor Noah,UC8bTQzxgvKkXDAaWkeuUlkg,67,7,LC
ABC7 News Bay Area,UCYUbNjkuE4lsr2v1Id2O1oA,63,2,LC
CBC News: The National,UCKjU3KzdbJE1EFcHVqXC3_g,51,35,LC
New York Times Events,UCtZNqEGzfQ6jO4SXWz51bRw,49,16,LC
CBC,UC5ujvySyX2svDmsle_--dpA,44,23,LC
NOVA PBS Official,UCjHz5SVHeMT0AViCYZvsGDA,38,6,LC
PBS Space Time,UC7_gcs09iThXybpVgjHZ_7g,38,12,LC
KPIX CBS SF Bay Area,UCF4LEacx9sDvAbEJnlaJfKQ,36,18,LC
NBC Bay Area,UCmKKVuZrBfSGiuvtOuipoDA,34,14,LC
CNBC International TV,UCF8HUTbUwPKh2Q-KpGOCVGw,33,13,LC
NBC Sports,UCqZQlzSHbVJrwrn5XvzrzcA,28,23,LC
Big Think,UCvQECJukTDE2i6aCoMnS-Vg,28,9,C
NBC,UCccjdJEay2hpb5scz61zY6Q,26,5,LC
CBS Evening News,UCAeWdyKJXGWmVAXFpgLNNTg,24,15,LC
Yahoo News,UCKY1msUI1iVtnKHPaLOsiQg,24,8,LC
CNBC Make It,UCH5_L3ytGbBziX0CLuYdQ1Q,24,11,LC
TED-Ed Student Talks,UCskU_g7t6b5ecsA1CTS3y9Q,23,3,C
ABC7,UCVxBA3Cbu3pm8w8gEIoMEog,22,10,LC
Entertainment Weekly,UClWCQNaggkMW7SDtS3BkEBg,21,17,LC
Forbes,UCmh7afBz-uWwOSSNTqUBAhg,20,16,RC
9 News Australia,UCIYLOcEUX6TbBo7HQVF2PKA,19,15,RC
CBC Docs,UCsEbwT3FHpAey6prlu7tNhw,17,3,LC
ABC Action News,UCK0UUsCjtMRNtS3BPh1Yc4w,16,7,LC
CBS New York,UCNZyLULUQBp5e9Q1cKtvk6Q,16,13,LC
VICE Sports,UC8C8WuWSsFjWFaTHcUQeQxA,15,8,LC
ABC15 Arizona,UCIVk1L1-JmpdiGuZcVjImtA,13,7,LC
Google,UCK8sQmJBp8GCxrOtXWBpyEA,11,2,LC
WSYX ABC 6,UC6HHWRGuLD11spg9DxKAZlQ,11,6,LC
PBS Eons,UCzR-rom72PHN9Zg7RML9EbA,11,4,LC
PBS Food,UCPQErRghCrtrbWOYiJA3okw,10,3,LC
NBC Left Field,UClhOpBxMR6P_qaVDC-PWcEg,10,3,LC
CBS Los Angeles,UCkH1uDkyuO9sVjSqdqBygOg,10,9,LC
Rocky Mountain PBS,UCaXsK6jf0AddIiYEjYmzVWw,9,3,LC
PBS39,UC3214hQT2IVJ4am0d76kx0Q,8,1,LC
Iowa PBS,UCHHphhxRHZpMS96kUr4DuwA,8,3,LC
Google Zeitgeist,UC522meTsOjFWjSdLLrEMMBA,8,3,LC
CBC Music,UCAILl3AE11CoqiSVs6rBwBQ,7,4,LC
CBS Sports HQ,UCja8sZ2T4ylIqjggA1Zuukg,7,7,LC
CBS Sacramento,UCxZMOY2RdtK6LQUbIYgec4A,7,5,LC
CNBC International,UCo7a6riBFJ3tkeHjvkXPn1g,7,6,LC
CBSN,UC2tg0g4H9h9bDfvuyBGxeRA,6,4,LC
Nine PBS,UCAxbSZv6UqIFdaf_3R-7F7A,6,1,LC
23 ABC News | KERO,UCaWhMr24lXlBatWGMh9yAdg,5,3,LC
CNBC Awaaz,UCQIycDaLsBpMKjOCeaKUYVg,5,5,LC
CBS,UClzCn8DxRSCuMFv_WfzkcrQ,5,2,LC
Google TechTalks,UCtXKDgv1AVoG88PLl8nGXmw,5,3,LC
q on cbc,UC1nw_szfrEsDWcwD32wHE_w,5,4,LC
Eyewitness News ABC7NY,UCrlIS7z20CnVaCrMvdkig_g,4,4,LC
DW Food,UC93iVjVDI3-XvHmtpNslMrw,4,3,LC
WCCO - CBS Minnesota,UCry2gCVdntv6r661sKUiKXw,4,3,LC
PBS,UCgyeJxD05YnoDquRMNBfBqw,3,1,LC
Milwaukee PBS,UCDttISJ8lpx_476pF3i3sfA,3,1,LC
Rolling Stone,UC-JblcinswY50lrUdSaRNEg,3,1,L
ABC Science,UCR_kFbcwWy1cKLCkmcMf4lg,3,1,LC
CNN Business,UCe-4xQosMQGkIA8mT4sR98Q,3,2,L
CNBC Prime,UCFUWcce_D9zTeRx6L0rasvw,3,2,LC
VICE TV,UCWF0PiUvUi3Jma2oFgaiX2w,3,3,LC
Google Cloud Tech,UCJS9pqu9BzkAMNTmzNMNhvg,3,3,LC
WIRED Events,UCjPHepdA3r0YWBg7VugVRWw,3,1,LC
HuffPost,UCZfsrIV68Oegr5bJgAMLBDA,3,2,L
NBC New York,UCxCfoSInadl-4i3F70zDt1A,2,2,LC
ABC Australia,UC5iLnYoF4Ryb63YdGD9RfWQ,2,2,LC
ABC,UC_IpSl6O_-IRAA6fiNs05Gg,2,1,LC
TED Archive,UCQSrdt0-Iu8qVEiJyzhrfdQ,2,2,C
CBS Miami,UCXJryYh6xcW5iEeJGzK191A,2,2,LC
Sky Sports News,UCcw05gGzjLIs5dnxGkQHMvw,2,2,C
Sky Sports Football,UCNAf1k0yIjyGu3k9BwAg3lg,2,2,C
CBC NL - Newfoundland and Labrador,UCpPLxYC6uNNfNrSQokButSg,2,2,LC
WTVR CBS 6,UC9ha3sh4YTCSK83dH6OlWTw,2,1,LC
PBS Wisconsin,UCtnFS8kY2D3VLaEtt_Jk2ZA,2,2,LC
American Experience | PBS,UC5zrlRzhT_cFI9zT6uQSijg,2,1,LC
ABC13 Houston,UCDmNmxF3ZVMeGyvWE9tOqPQ,1,1,LC
6abc Philadelphia,UCw77677G3EAODp61b0izs7w,1,1,LC
Antiques Roadshow PBS,UCdnJJ2_mzqHwKIX_SmCVHTA,1,1,LC
TODAY,UC5G0-uMcGFhNts84d24BZqw,1,1,LC
Sky Sports F1,UC3kxJQ9RfaS5CKeYbbFMi4Q,1,1,C
PBS Terra,UCpxYSWgxVt3Pyn1ovXsGQ0g,1,1,LC
Motorsports on NBC,UC1QQAUSQX4DF9XXne54oCgQ,1,1,LC
NBCLA,UCSWoppsVL0TLxFQ2qP_DLqQ,1,1,LC