channel_title,channel_id,total_count,unique_count,uploads
Fox News,UCXIJgqnII2ZOINSWNOGFThA,42836,673,UUXIJgqnII2ZOINSWNOGFThA
MIT OpenCourseWare,UCEBb1b_L6zDS3xTUrIALZOw,19836,277,UUEBb1b_L6zDS3xTUrIALZOw
The B1M,UC6n8I1UDTKP1IWjQMg6_TwA,16270,117,UU6n8I1UDTKP1IWjQMg6_TwA
Dr. John Campbell,UCF9IOB2TExg3QIBupFtBDxg,14919,156,UUF9IOB2TExg3QIBupFtBDxg
Forbes Breaking News,UCg40OxZ1GYh3u3jBntB6DLg,14445,762,UUg40OxZ1GYh3u3jBntB6DLg
TEDx Talks,UCsT0YIqwnpJCM-mx7-gSA4Q,11600,1289,UUsT0YIqwnpJCM-mx7-gSA4Q
University of California Television (UCTV),UCh6KFtW4a4Ozr81GI1cxaBQ,10152,205,UUh6KFtW4a4Ozr81GI1cxaBQ
Vanity Fair,UCIsbLox_y9dCIMLd8tdC6qg,9100,69,UUIsbLox_y9dCIMLd8tdC6qg
PBS NewsHour,UC6ZFN9Tx6xh-skXCuRHCDpQ,5077,403,UU6ZFN9Tx6xh-skXCuRHCDpQ
MSNBC,UCaXkIU1QidjPwiAYu6GcHjg,4854,365,UUaXkIU1QidjPwiAYu6GcHjg
How To Academy Mindset,UCUuIQgNLG3xkqftlUtuFosw,4530,70,UUUuIQgNLG3xkqftlUtuFosw
LastWeekTonight,UC3XTzVzaHQEd30rQbuvCtTQ,4415,189,UU3XTzVzaHQEd30rQbuvCtTQ
World Science Festival,UCShHFwKyhcDo3g7hr4f1R8A,4064,145,UUShHFwKyhcDo3g7hr4f1R8A
The Royal Institution,UCYeF244yNGuFefuFKqxIAXw,3870,156,UUYeF244yNGuFefuFKqxIAXw
The Obama White House,UCDGknzyQfNiThyt4vg4MlTQ,3765,112,UUDGknzyQfNiThyt4vg4MlTQ
Fox Business,UCCXoCcu9Rp7NPbTzIvogpZg,3574,215,UUCXoCcu9Rp7NPbTzIvogpZg
GQ,UCsEukrAd64fqA7FjwkmZ_Dw,3572,63,UUsEukrAd64fqA7FjwkmZ_Dw
reelblack,UCPk29gUc_ltOGQ6f3Lh5kCg,3537,166,UUPk29gUc_ltOGQ6f3Lh5kCg
NBC News,UCeY0bbntWzzVIaj2z3QigXg,3383,378,UUeY0bbntWzzVIaj2z3QigXg
The National Library of Medicine,UC0l4yG9XqYtrR4E9lpzk7Ow,3217,136,UU0l4yG9XqYtrR4E9lpzk7Ow
Real Engineering,UCR1IuLEqb6UEA_zQ81kwXfg,2902,31,UUR1IuLEqb6UEA_zQ81kwXfg
United Nations,UC5O114-PQNYkurlTg6hekZw,2834,2,UU5O114-PQNYkurlTg6hekZw
VICE News,UCZaT_X_mc0BI-djXOlfhqWQ,2548,684,UUZaT_X_mc0BI-djXOlfhqWQ
The New School,UC1iFTPspSKcb4vb1N7czmRQ,2521,34,UU1iFTPspSKcb4vb1N7czmRQ
11Alive,UCzF4Ryn8TKn64md77gS5Q5Q,2494,117,UUzF4Ryn8TKn64md77gS5Q5Q
CNBC Television,UCrp_UI8XtuYfpiqluWLD7Lw,2423,199,UUrp_UI8XtuYfpiqluWLD7Lw
Sky News,UCoMdktPbSTixAyNGwb-UYkQ,2302,265,UUoMdktPbSTixAyNGwb-UYkQ
Montemayor,UCX7katl3DVmch4D7LSvqbVQ,2269,6,UUX7katl3DVmch4D7LSvqbVQ
WIRED,UCftwRNsjfRo08xYE31tkiyw,2167,145,UUftwRNsjfRo08xYE31tkiyw
ABC 7 Chicago,UC_vFLohxs5PkAxlk7Y6jEtw,2115,20,UU_vFLohxs5PkAxlk7Y6jEtw
TED-Ed,UCsooa4yRKGN_zEE8iknghZA,2096,136,UUsooa4yRKGN_zEE8iknghZA
NBC Chicago,UCL9C44BZd_8hRa9OPMjIpMg,2086,4,UUL9C44BZd_8hRa9OPMjIpMg
Food Wishes,UCRIZtPl9nb9RiXc9btSTQNw,1995,59,UURIZtPl9nb9RiXc9btSTQNw
Late Night with Seth Meyers,UCVTyTA7-g9nopHeHbeuvpRA,1970,264,UUVTyTA7-g9nopHeHbeuvpRA
Fireball Tool,UCVveEFTOd6khhSXXnRhxJmg,1761,42,UUVveEFTOd6khhSXXnRhxJmg
FOX6 News Milwaukee,UCzHN-FjWDMsgfGPvRq7oy-Q,1757,33,UUzHN-FjWDMsgfGPvRq7oy-Q
Drbeen Medical Lectures,UCrtd2wePvAl6RN_D-9jWVQQ,1693,87,UUrtd2wePvAl6RN_D-9jWVQQ
CBS News,UC8p1vwvWtl6T73JiExfWs1g,1685,229,UU8p1vwvWtl6T73JiExfWs1g
Guardian Live,UCVD6kK-I5NodC1s-JMeuYPw,1651,28,UUVD6kK-I5NodC1s-JMeuYPw
The Late Show with Stephen Colbert,UCMtFAi84ehTSYSE9XoHefig,1531,287,UUMtFAi84ehTSYSE9XoHefig
British GQ,UCUM0EMVw0nyynzUvwzO4vxQ,1526,41,UUUM0EMVw0nyynzUvwzO4vxQ
Ars Technica,UCCDU1fsmgvWljcW2aodfJsA,1525,26,UUCDU1fsmgvWljcW2aodfJsA
DeepMind,UCP7jMXSY2xbc3KCAE0MHQ-A,1519,33,UUP7jMXSY2xbc3KCAE0MHQ-A
Hoover Institution,UCzWwWbbKHg4aodl0S35R6XA,1514,93,UUzWwWbbKHg4aodl0S35R6XA
TED,UCAuUUnT6oDeKwE6v1NGQxug,1510,158,UUAuUUnT6oDeKwE6v1NGQxug
Servier International,UCo-AFFGBWq-QkRt_5GrWrBQ,1508,1,UUo-AFFGBWq-QkRt_5GrWrBQ
SmarterEveryDay,UC6107grRI4m0o2-emgoDnAA,1478,36,UU6107grRI4m0o2-emgoDnAA
UC Berkeley Events,UCFkid-1EIBbauJLbMFDp2Cg,1442,21,UUFkid-1EIBbauJLbMFDp2Cg
The United Stand,UCMmVPVb0BwSIOWVeDwlPocQ,1420,3,UUMmVPVb0BwSIOWVeDwlPocQ
The School of Life,UC7IcJI8PUf5Z3zKxnZvTBog,1405,135,UU7IcJI8PUf5Z3zKxnZvTBog
NFL Films,UCY3NEq2LYrmdoGkevo9BH5A,1405,63,UUY3NEq2LYrmdoGkevo9BH5A
Veritasium,UCHnyfMqiRRG1u-2MsSQLbXA,1382,45,UUHnyfMqiRRG1u-2MsSQLbXA
NFL Throwback,UCJdl3Paao2f3ha5JXMYUCIA,1376,60,UUJdl3Paao2f3ha5JXMYUCIA
Tomorrow's Build,UCN3aYbtQ7yCqk9DM56B0kEw,1303,23,UUN3aYbtQ7yCqk9DM56B0kEw
DW Documentary,UCW39zufHfsuGgpLviKh297Q,1272,119,UUW39zufHfsuGgpLviKh297Q
Rick Beato,UCJquYOG5EL82sKTfH9aMA9Q,1247,61,UUJquYOG5EL82sKTfH9aMA9Q
The Daily Show with Trevor Noah,UCwWhs_6x42TyRM4Wstoq8HA,1214,135,UUwWhs_6x42TyRM4Wstoq8HA
Real Science,UC176GAQozKKjhz62H8u9vQQ,1213,32,UU176GAQozKKjhz62H8u9vQQ
Lex Fridman,UCSHZKyawb77ixDdsGog4iWA,1201,90,UUSHZKyawb77ixDdsGog4iWA
The Hill,UCPWXiRWZ29zrxPFIQT7eHSA,1183,238,UUPWXiRWZ29zrxPFIQT7eHSA
MedCircle,UCyGOloOIJWt8NlE4tnejQeA,1157,59,UUyGOloOIJWt8NlE4tnejQeA
VICE,UCn8zNIfYAQNdrFRrr8oibKw,1119,305,UUn8zNIfYAQNdrFRrr8oibKw
Insider,UCHJuQZuzapBh-CuhRYxIZrg,1117,47,UUHJuQZuzapBh-CuhRYxIZrg
Intelligence Squared,UCaqcvH8EvUtePORpN03jLMg,1098,60,UUaqcvH8EvUtePORpN03jLMg
Talks at Google,UCbmNph6atAoGfqLoCL_duAg,1096,150,UUbmNph6atAoGfqLoCL_duAg
Y Combinator,UCcefcZRL2oaA_uBNeo5UOWg,1090,59,UUcefcZRL2oaA_uBNeo5UOWg
Chef Jean-Pierre,UCLGNeElk4sNgzUrZr0c9krA,1088,72,UULGNeElk4sNgzUrZr0c9krA
One Sports,UCXDG9ue-emCN8Ad3h7lERqQ,1070,2,UUXDG9ue-emCN8Ad3h7lERqQ
VICE Asia,UC8ZyfGD_qP-v75DGCzYQw6g,1035,178,UU8ZyfGD_qP-v75DGCzYQw6g
Wall Street Journal,UCK7tptUDHh-RYDsdxO1-5QQ,974,23,UUK7tptUDHh-RYDsdxO1-5QQ
Lewis Howes,UCKsP3v2JeT2hWI_HzkxWiMA,942,78,UUKsP3v2JeT2hWI_HzkxWiMA
MedCram - Medical Lectures Explained CLEARLY,UCG-iSMVtWbbwDDXgXXypARQ,936,27,UUG-iSMVtWbbwDDXgXXypARQ
NFL,UCDVYQ4Zhbm3S2dlz7P1GBDg,923,185,UUDVYQ4Zhbm3S2dlz7P1GBDg
Stanford,UC-EnprmCZ3OXyAoG7vjVNCA,921,77,UU-EnprmCZ3OXyAoG7vjVNCA
KFC Radio,UCS7DF7CP_bOyZ2T1c1Uoz9g,921,215,UUS7DF7CP_bOyZ2T1c1Uoz9g
Biography,UCiCPv2sV_D3FqMRzzUFA2Fg,917,38,UUiCPv2sV_D3FqMRzzUFA2Fg
Scott Manley,UCxzC4EngIsMrPmbm6Nxvb-A,902,58,UUxzC4EngIsMrPmbm6Nxvb-A
Washington Post,UCHd62-u_v4DvJ8TCFtpi4GA,888,99,UUHd62-u_v4DvJ8TCFtpi4GA
HUM TV,UCEeEQxm6qc_qaTE7qTV5aLQ,875,21,UUEeEQxm6qc_qaTE7qTV5aLQ
The New York Times,UCqnbDFdCpuN8CMEg0VuEBqA,862,98,UUqnbDFdCpuN8CMEg0VuEBqA
UChicago Social Sciences,UCil2G-oUNzJ7Bzfv11kDjNQ,844,4,UUil2G-oUNzJ7Bzfv11kDjNQ
Spark,UCMV3aTOwUtG5vwfH9_rzb2w,780,92,UUMV3aTOwUtG5vwfH9_rzb2w
60 Minutes Australia,UC0L1suV8pVgO4pCAIBNGx5w,754,179,UU0L1suV8pVgO4pCAIBNGx5w
Enes Yilmazer,UCHWbZM3BIGgZksvXegx_h3w,745,33,UUHWbZM3BIGgZksvXegx_h3w
Kirsten Dirksen,UCDsElQQt_gCZ9LgnW-7v-cQ,741,45,UUDsElQQt_gCZ9LgnW-7v-cQ
The Dick Cavett Show,UCFC8Vt3FY_7svm_SOBK5aIQ,727,73,UUFC8Vt3FY_7svm_SOBK5aIQ
Mindvalley Talks,UCPvLJ7YsMqPWkHEfv4ftFZQ,724,12,UUPvLJ7YsMqPWkHEfv4ftFZQ
Digiday,UCetr7LZbLFZbznSsPMw2ssw,709,2,UUetr7LZbLFZbznSsPMw2ssw
Microsoft Research,UCCb9_Kn8F_Opb3UCGm-lILQ,707,13,UUCb9_Kn8F_Opb3UCGm-lILQ
Dalhousie University,UChpgLgLTErqhpAlHbt0AyhA,704,5,UUhpgLgLTErqhpAlHbt0AyhA
Stud Pack,UCjG94SagJZoyPggcBhUdFCA,701,4,UUjG94SagJZoyPggcBhUdFCA
CNBC,UCvJJ_dzjViJCoLf5uKUTwoA,701,142,UUvJJ_dzjViJCoLf5uKUTwoA
Vice Grip Garage,UCsfu-jdkX2_v2t3_igVQebg,696,40,UUsfu-jdkX2_v2t3_igVQebg
The Tonight Show Starring Jimmy Fallon,UC8-Th83bH_thdKZDJCrn88g,678,177,UU8-Th83bH_thdKZDJCrn88g
Timeline - World History Documentaries,UC88lvyJe7aHZmcvzvubDFRg,675,94,UU88lvyJe7aHZmcvzvubDFRg
ABC News,UCBi2mrWuNuyYy4gbM6fU18Q,673,190,UUBi2mrWuNuyYy4gbM6fU18Q
University of Utah,UCeqiTXK_fFEHKgtdJ6LuBZA,659,29,UUeqiTXK_fFEHKgtdJ6LuBZA
OverSimplified,UCNIuvl7V8zACPpTmmNIqP2A,644,22,UUNIuvl7V8zACPpTmmNIqP2A
FRONTLINE PBS | Official,UC3ScyryU9Oy9Wse3a8OAmYQ,634,56,UU3ScyryU9Oy9Wse3a8OAmYQ
TheLBJLibrary,UCwRQxHVCyShQyky_HzHdZEQ,632,41,UUwRQxHVCyShQyky_HzHdZEQ
TechCrunch,UCCjyq_K1Xwfg8Lndy7lKMpA,617,16,UUCjyq_K1Xwfg8Lndy7lKMpA
The University of Melbourne,UCbQofpGfudo6nVDG8DyMFtg,615,3,UUbQofpGfudo6nVDG8DyMFtg
Amanda Ellis,UCvrEf0hchTAcsL2NeK2SLsg,615,1,UUvrEf0hchTAcsL2NeK2SLsg
franpy__,UCaTx4B6zbWm4oaYXLcRiXPQ,612,1,UUaTx4B6zbWm4oaYXLcRiXPQ
The Agenda with Steve Paikin,UCu_u-P3cBFO7D-sAjxd_I-w,607,148,UUu_u-P3cBFO7D-sAjxd_I-w
Global News,UChLtXXpo4Ge1ReTEboVvTDg,600,52,UUhLtXXpo4Ge1ReTEboVvTDg
Jay Leno's Garage,UCQMELFlXQL38KPm8kM-4Adg,591,115,UUQMELFlXQL38KPm8kM-4Adg
Sky News Australia,UCO0akufu9MOzyz3nvGIXAAw,585,109,UUO0akufu9MOzyz3nvGIXAAw
C-SPAN,UCb--64Gl51jIEVE-GLDAVTg,581,76,UUb--64Gl51jIEVE-GLDAVTg
Real Stories,UCu4XcDBdnZkV6-5z2f16M0g,575,114,UUu4XcDBdnZkV6-5z2f16M0g
TheThings,UC4qGmRZ7aLOLfVsSdj5Se2A,574,5,UU4qGmRZ7aLOLfVsSdj5Se2A
Netflix Is A Joke,UCObk_g1hQBy0RKKriVX_zOQ,573,81,UUObk_g1hQBy0RKKriVX_zOQ
60 Minutes,UCsN32BtMd0IoByjJRNF12cw,571,56,UUsN32BtMd0IoByjJRNF12cw
Perimeter Institute for Theoretical Physics,UCpHvNclapYpq8b0ZnGRoMeg,564,39,UUpHvNclapYpq8b0ZnGRoMeg
CNET Highlights,UCmKtn_HvpfbTu3QV4lhJIMw,558,26,UUmKtn_HvpfbTu3QV4lhJIMw
The University of Chicago,UCGINcKuFbysZAslgL46KeOA,554,35,UUGINcKuFbysZAslgL46KeOA
Sun TV,UCBnxEdpoZwstJqC1yZpOjRA,549,48,UUBnxEdpoZwstJqC1yZpOjRA
Prime Autotainment,UCtp1xIQ_KtHVuXAfkznfTsA,539,1,UUtp1xIQ_KtHVuXAfkznfTsA
Law&Crime Network,UCz8K1occVvDTYDfFo7N5EZw,522,84,UUz8K1occVvDTYDfFo7N5EZw
NASA,UCLA_DiR1FfKNvjuUpBHmylQ,510,27,UULA_DiR1FfKNvjuUpBHmylQ
ENDEVR,UCuw0GgMlZlAsWvpI8PgCN8g,500,38,UUuw0GgMlZlAsWvpI8PgCN8g
Jimmy Kimmel Live,UCa6vGFO9ty8v5KZJXQxdhaw,492,148,UUa6vGFO9ty8v5KZJXQxdhaw
FOX Soul,UCd4b1gxOxjl3cD6DEBeo6dw,491,64,UUd4b1gxOxjl3cD6DEBeo6dw
tnmoc,UCq2d2c_u0Lat0SL9P4LEPlg,490,4,UUq2d2c_u0Lat0SL9P4LEPlg
Reuters,UChqUTb7kYRX8-EiaN3XFrSQ,490,105,UUhqUTb7kYRX8-EiaN3XFrSQ
The Drop,UCaVwjLQQ5ALFPsT29nGC_Kg,487,12,UUaVwjLQQ5ALFPsT29nGC_Kg
Imperial War Museums,UC3uAjWoLZ4bSi6qI9SjALxA,470,18,UU3uAjWoLZ4bSi6qI9SjALxA
CNN,UCupvZG-5ko_eiXAupbDfxWw,470,150,UUupvZG-5ko_eiXAupbDfxWw
Center for Strategic & International Studies,UCr5jq6MC_VCe1c5ciIZtk_w,464,34,UUr5jq6MC_VCe1c5ciIZtk_w
KiwiLisaOutandAbout,UC85DWfitw_rJWXXDa91zOIw,462,1,UU85DWfitw_rJWXXDa91zOIw
Inc.,UCC69dxCZQB9VURlHQ8wesPA,459,29,UUC69dxCZQB9VURlHQ8wesPA
Davidson College,UCO-VaiReXakQWdCIhgyReLg,439,4,UUO-VaiReXakQWdCIhgyReLg
Maastricht University,UCKWYmILbwmRMVe2QzYwCOgw,438,3,UUKWYmILbwmRMVe2QzYwCOgw
The Hollywood Reporter,UCZ8Sxmkweh65HetaZfR8YuA,438,71,UUZ8Sxmkweh65HetaZfR8YuA
carwow,UCUhFaUpnq31m6TNX2VKVSVA,431,10,UUUhFaUpnq31m6TNX2VKVSVA
Chad Wild Clay,UCwaNuezahYT3BOjfXsne2mg,431,7,UUwaNuezahYT3BOjfXsne2mg
Council on Foreign Relations,UCL_A4jkwvKuMyToAPy3FQKQ,430,10,UUL_A4jkwvKuMyToAPy3FQKQ
PierceCollegeDist11,UCV598SUzrKNOdT4kPM6IyNQ,428,2,UUV598SUzrKNOdT4kPM6IyNQ
Stanford eCorner,UCctkeBNtFIOn7Yl_9TTj_4w,428,17,UUctkeBNtFIOn7Yl_9TTj_4w
Martha Stewart,UC6JBm9OAkpI6NUBV_NsLxTA,427,42,UU6JBm9OAkpI6NUBV_NsLxTA
YaleUniversity,UCSh-dNnqe1agUSzPM01LgBA,425,25,UUSh-dNnqe1agUSzPM01LgBA
PowerfulJRE,UCzQUP1qoWDoEbmsQxvdjxgQ,424,42,UUzQUP1qoWDoEbmsQxvdjxgQ
Kings and Generals,UCMmaBzfCCwZ2KqaBJjkj0fw,423,44,UUMmaBzfCCwZ2KqaBJjkj0fw
Everyday Astronaut,UC6uKrU_WqJ1R2HMTY3LIx5Q,414,32,UU6uKrU_WqJ1R2HMTY3LIx5Q
AFROPUNK,UC9b1MjMaSgXcUfFBfCNPI3Q,413,1,UU9b1MjMaSgXcUfFBfCNPI3Q
Stanford Graduate School of Business,UCGwuxdEeCf0TIA2RbPOj-8g,410,50,UUGwuxdEeCf0TIA2RbPOj-8g
Wonder,UCRAAdF42hZcTHAorbbDuivw,406,50,UURAAdF42hZcTHAorbbDuivw
Long Now Foundation,UCT1yd7gEOrja_gecmA1lT0Q,404,12,UUT1yd7gEOrja_gecmA1lT0Q
Practical Engineering,UCMOqf8ab-42UUQIdVoKwjlQ,402,20,UUMOqf8ab-42UUQIdVoKwjlQ
GQ Sports,UCKbNOpmhmwBuJXXMYOg_txA,400,19,UUKbNOpmhmwBuJXXMYOg_txA
92nd Street Y,UC9xkc8dWgBsFfC7DOJfJLFg,400,52,UU9xkc8dWgBsFfC7DOJfJLFg
